﻿<?xml version="1.0" encoding="UTF-8" ?>
<CrashRpt version="1208">
    <CrashGUID>a5b7cfec-058b-488f-889a-cf954d169d39</CrashGUID>
    <AppName>CrashRpt Tests</AppName>
    <AppVersion>1.2.0.8</AppVersion>
    <ImageName>C:\Users\shunpingye\Desktop\paper\code\CrashRpt\bin\CrashRptTest.exe</ImageName>
    <OperatingSystem>Windows 7 Ultimate Build 7600</OperatingSystem>
    <OSIs64Bit>1</OSIs64Bit>
    <GeoLocation>zh-cn</GeoLocation>
    <SystemTimeUTC>2011-03-11T02:10:41Z</SystemTimeUTC>
    <ExceptionType>11</ExceptionType>
    <GUIResourceCount>45</GUIResourceCount>
    <OpenHandleCount>77</OpenHandleCount>
    <MemoryUsageKbytes>7812</MemoryUsageKbytes>
    <ScreenshotInfo>
        <VirtualScreen left="0" top="0" width="1440" height="900" />
        <Monitors>
            <Monitor left="0" top="0" width="1440" height="900" file="screenshot0.jpg" />
        </Monitors>
        <Windows>
            <Window left="494" top="256" width="453" height="358" title="CrashRptTest" />
        </Windows>
    </ScreenshotInfo>
    <CustomProps>
        <Prop name="VideoCard" value="nVidia GeForce 9800" />
    </CustomProps>
    <FileList>
        <FileItem name="crashdump.dmp" description="Crash Minidump" />
        <FileItem name="crashrpt.xml" description="Crash Description XML" />
        <FileItem name="dummy.ini" description="Dummy INI File" />
        <FileItem name="dummy.log" description="Dummy Log File" />
        <FileItem name="regkey.xml" description="Registry Key Dump" />
        <FileItem name="screenshot0.jpg" description="Desktop Screenshot" />
    </FileList>
    <UserEmail></UserEmail>
    <ProblemDescription></ProblemDescription>
</CrashRpt>
